{"RuleTriggered": 0, "Violations": 0, "Details": {"Network": {"algo-1": {"max": 91670688.66, "p99": 0, "p95": 0, "p50": 0, "min": 0}}, "GPU": {"algo-1": {"max": 100.0, "p99": 100.0, "p95": 91.0, "p50": 0, "min": 0}}, "CPU": {"algo-1": {"max": 99.47, "p99": 95.78, "p95": 72.5, "p50": 37.0, "min": 0}}, "CPU memory": {"algo-1": {"max": 38.83, "p99": 34.38, "p95": 31.97, "p50": 30.55, "min": 4.5}}, "GPU memory": {"algo-1": {"max": 99.0, "p99": 96.32, "p95": 89.0, "p50": 0, "min": 0}}, "I/O": {"algo-1": {"max": 49.0, "p99": 26.62, "p95": 21.59, "p50": 0, "min": 0}}}, "Datapoints": 1568, "RuleParameters": ""}